id,전기요금(원)
32064,525.8310828720156
32065,525.8310828720156
32066,525.8310828720156
32067,514.1243756231264
32068,514.1243756231264
32069,514.1243756231264
32070,514.1243756231264
32071,511.12464190518716
32072,511.12464190518716
32073,511.12464190518716
32074,511.12464190518716
32075,500.7205608686261
32076,500.7205608686261
32077,500.7205608686261
32078,500.7205608686261
32079,509.971700813682
32080,509.971700813682
32081,509.971700813682
32082,509.971700813682
32083,507.10484131623343
32084,507.10484131623343
32085,507.10484131623343
32086,507.10484131623343
32087,505.11572352019465
32088,505.11572352019465
32089,505.11572352019465
32090,505.11572352019465
32091,513.4312043905919
32092,513.4312043905919
32093,513.4312043905919
32094,513.4312043905919
32095,2956.789047815467
32096,2956.789047815467
32097,2956.789047815467
32098,2956.789047815467
32099,2435.1551957043257
32100,4286.902631279453
32101,4286.902631279453
32102,4286.902631279453
32103,4315.829561595856
32104,4294.965165383232
32105,4294.965165383232
32106,4294.965165383232
32107,4351.136023568501
32108,4351.136023568501
32109,4351.136023568501
32110,4351.136023568501
32111,3716.448662549588
32112,1162.1148845848988
32113,1162.1148845848988
32114,1162.1148845848988
32115,1670.143267125682
32116,1670.143267125682
32117,1670.143267125682
32118,1670.143267125682
32119,4168.744891736612
32120,4168.744891736612
32121,4168.744891736612
32122,4168.744891736612
32123,4310.036489753757
32124,4310.036489753757
32125,4310.036489753757
32126,4310.036489753757
32127,4298.9444869610115
32128,4298.9444869610115
32129,4298.9444869610115
32130,4298.9444869610115
32131,1534.0283913894375
32132,1954.4089954066462
32133,1954.4089954066462
32134,1954.4089954066462
32135,1085.0210336739078
32136,1085.0210336739078
32137,1085.0210336739078
32138,1085.0210336739078
32139,1293.2102578508122
32140,1293.2102578508122
32141,1293.2102578508122
32142,1293.2102578508122
32143,1409.86554987747
32144,1534.3120244489407
32145,1534.3120244489407
32146,1534.3120244489407
32147,1319.2765394360017
32148,1319.2765394360017
32149,1319.2765394360017
32150,1319.2765394360017
32151,653.721335641234
32152,729.9071263653868
32153,729.9071263653868
32154,729.9071263653868
32155,416.84924901302594
32156,464.90903293774835
32157,464.90903293774835
32158,464.90903293774835
32159,525.8310828720156
32160,455.4041573002458
32161,455.4041573002458
32162,455.4041573002458
32163,469.07010690479814
32164,469.07010690479814
32165,469.07010690479814
32166,469.07010690479814
32167,476.84810930914796
32168,476.84810930914796
32169,476.84810930914796
32170,476.84810930914796
32171,469.8878740818283
32172,469.8878740818283
32173,469.8878740818283
32174,469.8878740818283
32175,475.8263115555164
32176,475.8263115555164
32177,475.8263115555164
32178,475.8263115555164
32179,471.38091312510664
32180,471.38091312510664
32181,471.38091312510664
32182,471.38091312510664
32183,466.69230812152364
32184,466.69230812152364
32185,466.69230812152364
32186,466.69230812152364
32187,478.62649782529485
32188,478.62649782529485
32189,478.62649782529485
32190,478.62649782529485
32191,1532.8492953117347
32192,1532.8492953117347
32193,1532.8492953117347
32194,1532.8492953117347
32195,1596.153947820322
32196,1596.153947820322
32197,1596.153947820322
32198,1596.153947820322
32199,1525.1820523744557
32200,1525.1820523744557
32201,1525.1820523744557
32202,1525.1820523744557
32203,899.9053121711426
32204,899.9053121711426
32205,899.9053121711426
32206,899.9053121711426
32207,1001.0841394420138
32208,1001.0841394420138
32209,1001.0841394420138
32210,1001.0841394420138
32211,1479.5830998759388
32212,1479.5830998759388
32213,1479.5830998759388
32214,1479.5830998759388
32215,1525.3317592298356
32216,1525.3317592298356
32217,1525.3317592298356
32218,1525.3317592298356
32219,1528.6729496721227
32220,1528.6729496721227
32221,1528.6729496721227
32222,1528.6729496721227
32223,1522.0528537361076
32224,1522.0528537361076
32225,1522.0528537361076
32226,1522.0528537361076
32227,1487.6092204054528
32228,1487.6092204054528
32229,1487.6092204054528
32230,1487.6092204054528
32231,949.1251320186068
32232,949.1251320186068
32233,949.1251320186068
32234,949.1251320186068
32235,1494.7210823583398
32236,1494.7210823583398
32237,1494.7210823583398
32238,1494.7210823583398
32239,1501.5822511166878
32240,1501.5822511166878
32241,1501.5822511166878
32242,1501.5822511166878
32243,1472.4032165419371
32244,1472.4032165419371
32245,1472.4032165419371
32246,1472.4032165419371
32247,601.4864062311773
32248,601.4864062311773
32249,601.4864062311773
32250,601.4864062311773
32251,459.1535454044055
32252,459.1535454044055
32253,459.1535454044055
32254,459.1535454044055
32255,455.4041573002458
32256,520.2788059108556
32257,520.2788059108556
32258,520.2788059108556
32259,510.9400751801944
32260,510.9400751801944
32261,510.9400751801944
32262,510.9400751801944
32263,489.3783853494928
32264,489.3783853494928
32265,489.3783853494928
32266,489.3783853494928
32267,489.41266372072135
32268,489.41266372072135
32269,489.41266372072135
32270,489.41266372072135
32271,481.97936771063735
32272,481.97936771063735
32273,481.97936771063735
32274,481.97936771063735
32275,482.0857159880902
32276,482.0857159880902
32277,482.0857159880902
32278,482.0857159880902
32279,478.99283562029706
32280,478.99283562029706
32281,478.99283562029706
32282,478.99283562029706
32283,505.1694888230205
32284,505.1694888230205
32285,505.1694888230205
32286,505.1694888230205
32287,5094.202720404629
32288,5094.202720404629
32289,5094.202720404629
32290,5094.202720404629
32291,7136.6353910850885
32292,6886.958870036584
32293,6886.958870036584
32294,6886.958870036584
32295,6509.455046369133
32296,6240.656229123403
32297,6240.656229123403
32298,6240.656229123403
32299,7247.513332796856
32300,7247.513332796856
32301,7247.513332796856
32302,7247.513332796856
32303,7134.137307082335
32304,1429.2990095661737
32305,1429.2990095661737
32306,1429.2990095661737
32307,1198.523610855583
32308,1198.523610855583
32309,1198.523610855583
32310,1198.523610855583
32311,6340.129994196217
32312,6340.129994196217
32313,6340.129994196217
32314,6340.129994196217
32315,6279.585897616386
32316,6279.585897616386
32317,6279.585897616386
32318,6279.585897616386
32319,6308.284154502468
32320,6308.284154502468
32321,6308.284154502468
32322,6308.284154502468
32323,5243.6942287606735
32324,6261.067703551859
32325,6261.067703551859
32326,6261.067703551859
32327,5565.533510206217
32328,5565.533510206217
32329,5565.533510206217
32330,5565.533510206217
32331,6029.077354595742
32332,6029.077354595742
32333,6029.077354595742
32334,6029.077354595742
32335,5909.024933087608
32336,5079.515840157259
32337,5079.515840157259
32338,5079.515840157259
32339,1523.7796588682756
32340,1523.7796588682756
32341,1523.7796588682756
32342,1523.7796588682756
32343,779.0210794028995
32344,2111.148880467767
32345,2111.148880467767
32346,2111.148880467767
32347,2117.813827867052
32348,484.2840290994392
32349,484.2840290994392
32350,484.2840290994392
32351,520.2788059108556
32352,549.5586623849109
32353,549.5586623849109
32354,549.5586623849109
32355,519.1081802182865
32356,519.1081802182865
32357,519.1081802182865
32358,519.1081802182865
32359,491.41690980209
32360,491.41690980209
32361,491.41690980209
32362,491.41690980209
32363,483.07816266461543
32364,483.07816266461543
32365,483.07816266461543
32366,483.07816266461543
32367,478.7908747148115
32368,478.7908747148115
32369,478.7908747148115
32370,478.7908747148115
32371,477.6908366116165
32372,477.6908366116165
32373,477.6908366116165
32374,477.6908366116165
32375,474.756036981175
32376,474.756036981175
32377,474.756036981175
32378,474.756036981175
32379,507.9696762638915
32380,507.9696762638915
32381,507.9696762638915
32382,507.9696762638915
32383,5213.437229724735
32384,5213.437229724735
32385,5213.437229724735
32386,5213.437229724735
32387,6376.469883324329
32388,6546.631498456676
32389,6546.631498456676
32390,6546.631498456676
32391,6257.354255928853
32392,5946.682973445437
32393,5946.682973445437
32394,5946.682973445437
32395,7198.757261820057
32396,7198.757261820057
32397,7198.757261820057
32398,7198.757261820057
32399,7110.563070082997
32400,1490.3396997230543
32401,1490.3396997230543
32402,1490.3396997230543
32403,1120.5172975751125
32404,1120.5172975751125
32405,1120.5172975751125
32406,1120.5172975751125
32407,6115.638411994577
32408,6115.638411994577
32409,6115.638411994577
32410,6115.638411994577
32411,6262.911380656497
32412,6262.911380656497
32413,6262.911380656497
32414,6262.911380656497
32415,6272.95876151319
32416,6272.95876151319
32417,6272.95876151319
32418,6272.95876151319
32419,5230.017586890894
32420,6169.385261596447
32421,6169.385261596447
32422,6169.385261596447
32423,5244.077381322732
32424,5244.077381322732
32425,5244.077381322732
32426,5244.077381322732
32427,5373.791117004533
32428,5373.791117004533
32429,5373.791117004533
32430,5373.791117004533
32431,5383.129804913881
32432,5082.368481265694
32433,5082.368481265694
32434,5082.368481265694
32435,1511.5996744725635
32436,1511.5996744725635
32437,1511.5996744725635
32438,1511.5996744725635
32439,902.6003059476194
32440,1945.4275317537777
32441,1945.4275317537777
32442,1945.4275317537777
32443,1914.8208117823433
32444,505.34469656813025
32445,505.34469656813025
32446,505.34469656813025
32447,549.5586623849109
32448,558.022311328606
32449,558.022311328606
32450,558.022311328606
32451,538.1568796974244
32452,538.1568796974244
32453,538.1568796974244
32454,538.1568796974244
32455,511.2246794142539
32456,511.2246794142539
32457,511.2246794142539
32458,511.2246794142539
32459,497.80175871304317
32460,497.80175871304317
32461,497.80175871304317
32462,497.80175871304317
32463,502.5529036570341
32464,502.5529036570341
32465,502.5529036570341
32466,502.5529036570341
32467,499.4468788526535
32468,499.4468788526535
32469,499.4468788526535
32470,499.4468788526535
32471,499.4340291377242
32472,499.4340291377242
32473,499.4340291377242
32474,499.4340291377242
32475,502.5750241214191
32476,502.5750241214191
32477,502.5750241214191
32478,502.5750241214191
32479,5444.247755384623
32480,5444.247755384623
32481,5444.247755384623
32482,5444.247755384623
32483,6522.821024913173
32484,6572.829970914853
32485,6572.829970914853
32486,6572.829970914853
32487,6283.529865880786
32488,6235.585792031041
32489,6235.585792031041
32490,6235.585792031041
32491,7072.046189969031
32492,7072.046189969031
32493,7072.046189969031
32494,7072.046189969031
32495,6681.890772363587
32496,1475.8839032490291
32497,1475.8839032490291
32498,1475.8839032490291
32499,1103.1753240051846
32500,1103.1753240051846
32501,1103.1753240051846
32502,1103.1753240051846
32503,6085.781383324394
32504,6085.781383324394
32505,6085.781383324394
32506,6085.781383324394
32507,5936.317831016663
32508,5936.317831016663
32509,5936.317831016663
32510,5936.317831016663
32511,5995.625457175907
32512,5995.625457175907
32513,5995.625457175907
32514,5995.625457175907
32515,4797.936620578586
32516,5950.737613739701
32517,5950.737613739701
32518,5950.737613739701
32519,5030.238285161718
32520,5030.238285161718
32521,5030.238285161718
32522,5030.238285161718
32523,5228.516827058878
32524,5228.516827058878
32525,5228.516827058878
32526,5228.516827058878
32527,5377.0579544529
32528,3466.677158861588
32529,3466.677158861588
32530,3466.677158861588
32531,1363.812586881805
32532,1363.812586881805
32533,1363.812586881805
32534,1363.812586881805
32535,737.2905558731852
32536,1961.7931353389558
32537,1961.7931353389558
32538,1961.7931353389558
32539,1947.3725007634628
32540,464.3833983629182
32541,464.3833983629182
32542,464.3833983629182
32543,558.022311328606
32544,548.4015752237286
32545,548.4015752237286
32546,548.4015752237286
32547,504.09893577056937
32548,504.09893577056937
32549,504.09893577056937
32550,504.09893577056937
32551,484.7298706580751
32552,484.7298706580751
32553,484.7298706580751
32554,484.7298706580751
32555,483.7714441614427
32556,483.7714441614427
32557,483.7714441614427
32558,483.7714441614427
32559,482.3989427470692
32560,482.3989427470692
32561,482.3989427470692
32562,482.3989427470692
32563,480.6283705338037
32564,480.6283705338037
32565,480.6283705338037
32566,480.6283705338037
32567,480.0212804049522
32568,480.0212804049522
32569,480.0212804049522
32570,480.0212804049522
32571,503.11882223443536
32572,503.11882223443536
32573,503.11882223443536
32574,503.11882223443536
32575,5935.120894002074
32576,5935.120894002074
32577,5935.120894002074
32578,5935.120894002074
32579,7251.768410837919
32580,6626.899723058428
32581,6626.899723058428
32582,6626.899723058428
32583,6535.870220267486
32584,6376.936707208952
32585,6376.936707208952
32586,6376.936707208952
32587,7119.524448474886
32588,7119.524448474886
32589,7119.524448474886
32590,7119.524448474886
32591,6816.241797993426
32592,1328.554838480032
32593,1328.554838480032
32594,1328.554838480032
32595,1070.2714923662627
32596,1070.2714923662627
32597,1070.2714923662627
32598,1070.2714923662627
32599,5939.0587473478045
32600,5939.0587473478045
32601,5939.0587473478045
32602,5939.0587473478045
32603,5905.370017149778
32604,5905.370017149778
32605,5905.370017149778
32606,5905.370017149778
32607,5989.549958151277
32608,5989.549958151277
32609,5989.549958151277
32610,5989.549958151277
32611,4840.453056031146
32612,5387.0773267344985
32613,5387.0773267344985
32614,5387.0773267344985
32615,5196.083746785351
32616,5196.083746785351
32617,5196.083746785351
32618,5196.083746785351
32619,5354.486945360809
32620,5354.486945360809
32621,5354.486945360809
32622,5354.486945360809
32623,5500.333806960134
32624,4843.289917492959
32625,4843.289917492959
32626,4843.289917492959
32627,1513.527481589568
32628,1513.527481589568
32629,1513.527481589568
32630,1513.527481589568
32631,853.7532892241101
32632,1964.7762243293118
32633,1964.7762243293118
32634,1964.7762243293118
32635,1904.4127143690444
32636,504.9270575070147
32637,504.9270575070147
32638,504.9270575070147
32639,548.4015752237286
32640,610.5109689973777
32641,610.5109689973777
32642,610.5109689973777
32643,526.8948342509208
32644,526.8948342509208
32645,526.8948342509208
32646,526.8948342509208
32647,515.7832933198528
32648,515.7832933198528
32649,515.7832933198528
32650,515.7832933198528
32651,508.9037289353305
32652,508.9037289353305
32653,508.9037289353305
32654,508.9037289353305
32655,513.1350856371279
32656,513.1350856371279
32657,513.1350856371279
32658,513.1350856371279
32659,509.2050992290575
32660,509.2050992290575
32661,509.2050992290575
32662,509.2050992290575
32663,509.2367305904587
32664,509.2367305904587
32665,509.2367305904587
32666,509.2367305904587
32667,531.1590113164751
32668,531.1590113164751
32669,531.1590113164751
32670,531.1590113164751
32671,5339.617438357558
32672,5339.617438357558
32673,5339.617438357558
32674,5339.617438357558
32675,6080.708462732156
32676,6504.400472214456
32677,6504.400472214456
32678,6504.400472214456
32679,6098.8247550655515
32680,5878.363249283078
32681,5878.363249283078
32682,5878.363249283078
32683,6789.265182550838
32684,6789.265182550838
32685,6789.265182550838
32686,6789.265182550838
32687,6208.719083096036
32688,1415.1904722981612
32689,1415.1904722981612
32690,1415.1904722981612
32691,1072.413349721817
32692,1072.413349721817
32693,1072.413349721817
32694,1072.413349721817
32695,6086.200863304756
32696,6086.200863304756
32697,6086.200863304756
32698,6086.200863304756
32699,5907.478693561281
32700,5907.478693561281
32701,5907.478693561281
32702,5907.478693561281
32703,5935.097151565622
32704,5935.097151565622
32705,5935.097151565622
32706,5935.097151565622
32707,4637.872821966029
32708,5467.439960006661
32709,5467.439960006661
32710,5467.439960006661
32711,4704.172711824823
32712,4704.172711824823
32713,4704.172711824823
32714,4704.172711824823
32715,5246.299745516217
32716,5246.299745516217
32717,5246.299745516217
32718,5246.299745516217
32719,5257.310910084876
32720,4653.721498268081
32721,4653.721498268081
32722,4653.721498268081
32723,1487.904523791725
32724,1487.904523791725
32725,1487.904523791725
32726,1487.904523791725
32727,769.4784202861046
32728,1638.0767377361608
32729,1638.0767377361608
32730,1638.0767377361608
32731,1631.8591002019962
32732,492.4153548673208
32733,492.4153548673208
32734,492.4153548673208
32735,610.5109689973777
32736,525.8310828720156
32737,525.8310828720156
32738,525.8310828720156
32739,514.1243756231264
32740,514.1243756231264
32741,514.1243756231264
32742,514.1243756231264
32743,511.12464190518716
32744,511.12464190518716
32745,511.12464190518716
32746,511.12464190518716
32747,500.7205608686261
32748,500.7205608686261
32749,500.7205608686261
32750,500.7205608686261
32751,509.971700813682
32752,509.971700813682
32753,509.971700813682
32754,509.971700813682
32755,507.10484131623343
32756,507.10484131623343
32757,507.10484131623343
32758,507.10484131623343
32759,505.11572352019465
32760,505.11572352019465
32761,505.11572352019465
32762,505.11572352019465
32763,513.4312043905919
32764,513.4312043905919
32765,513.4312043905919
32766,513.4312043905919
32767,2956.789047815467
32768,2956.789047815467
32769,2956.789047815467
32770,2956.789047815467
32771,2435.1551957043257
32772,4286.902631279453
32773,4286.902631279453
32774,4286.902631279453
32775,4315.829561595856
32776,4294.965165383232
32777,4294.965165383232
32778,4294.965165383232
32779,4351.136023568501
32780,4351.136023568501
32781,4351.136023568501
32782,4351.136023568501
32783,3716.448662549588
32784,1162.1148845848988
32785,1162.1148845848988
32786,1162.1148845848988
32787,1670.143267125682
32788,1670.143267125682
32789,1670.143267125682
32790,1670.143267125682
32791,4168.744891736612
32792,4168.744891736612
32793,4168.744891736612
32794,4168.744891736612
32795,4310.036489753757
32796,4310.036489753757
32797,4310.036489753757
32798,4310.036489753757
32799,4298.9444869610115
32800,4298.9444869610115
32801,4298.9444869610115
32802,4298.9444869610115
32803,1534.0283913894375
32804,1954.4089954066462
32805,1954.4089954066462
32806,1954.4089954066462
32807,1085.0210336739078
32808,1085.0210336739078
32809,1085.0210336739078
32810,1085.0210336739078
32811,1293.2102578508122
32812,1293.2102578508122
32813,1293.2102578508122
32814,1293.2102578508122
32815,1409.86554987747
32816,1534.3120244489407
32817,1534.3120244489407
32818,1534.3120244489407
32819,1319.2765394360017
32820,1319.2765394360017
32821,1319.2765394360017
32822,1319.2765394360017
32823,653.721335641234
32824,729.9071263653868
32825,729.9071263653868
32826,729.9071263653868
32827,416.84924901302594
32828,464.90903293774835
32829,464.90903293774835
32830,464.90903293774835
32831,525.8310828720156
32832,455.4041573002458
32833,455.4041573002458
32834,455.4041573002458
32835,469.07010690479814
32836,469.07010690479814
32837,469.07010690479814
32838,469.07010690479814
32839,476.84810930914796
32840,476.84810930914796
32841,476.84810930914796
32842,476.84810930914796
32843,469.8878740818283
32844,469.8878740818283
32845,469.8878740818283
32846,469.8878740818283
32847,475.8263115555164
32848,475.8263115555164
32849,475.8263115555164
32850,475.8263115555164
32851,471.38091312510664
32852,471.38091312510664
32853,471.38091312510664
32854,471.38091312510664
32855,466.69230812152364
32856,466.69230812152364
32857,466.69230812152364
32858,466.69230812152364
32859,478.62649782529485
32860,478.62649782529485
32861,478.62649782529485
32862,478.62649782529485
32863,1532.8492953117347
32864,1532.8492953117347
32865,1532.8492953117347
32866,1532.8492953117347
32867,1596.153947820322
32868,1596.153947820322
32869,1596.153947820322
32870,1596.153947820322
32871,1525.1820523744557
32872,1525.1820523744557
32873,1525.1820523744557
32874,1525.1820523744557
32875,899.9053121711426
32876,899.9053121711426
32877,899.9053121711426
32878,899.9053121711426
32879,1001.0841394420138
32880,1001.0841394420138
32881,1001.0841394420138
32882,1001.0841394420138
32883,1479.5830998759388
32884,1479.5830998759388
32885,1479.5830998759388
32886,1479.5830998759388
32887,1525.3317592298356
32888,1525.3317592298356
32889,1525.3317592298356
32890,1525.3317592298356
32891,1528.6729496721227
32892,1528.6729496721227
32893,1528.6729496721227
32894,1528.6729496721227
32895,1522.0528537361076
32896,1522.0528537361076
32897,1522.0528537361076
32898,1522.0528537361076
32899,1487.6092204054528
32900,1487.6092204054528
32901,1487.6092204054528
32902,1487.6092204054528
32903,949.1251320186068
32904,949.1251320186068
32905,949.1251320186068
32906,949.1251320186068
32907,1494.7210823583398
32908,1494.7210823583398
32909,1494.7210823583398
32910,1494.7210823583398
32911,1501.5822511166878
32912,1501.5822511166878
32913,1501.5822511166878
32914,1501.5822511166878
32915,1472.4032165419371
32916,1472.4032165419371
32917,1472.4032165419371
32918,1472.4032165419371
32919,601.4864062311773
32920,601.4864062311773
32921,601.4864062311773
32922,601.4864062311773
32923,459.1535454044055
32924,459.1535454044055
32925,459.1535454044055
32926,459.1535454044055
32927,455.4041573002458
32928,520.2788059108556
32929,520.2788059108556
32930,520.2788059108556
32931,510.9400751801944
32932,510.9400751801944
32933,510.9400751801944
32934,510.9400751801944
32935,489.3783853494928
32936,489.3783853494928
32937,489.3783853494928
32938,489.3783853494928
32939,489.41266372072135
32940,489.41266372072135
32941,489.41266372072135
32942,489.41266372072135
32943,481.97936771063735
32944,481.97936771063735
32945,481.97936771063735
32946,481.97936771063735
32947,482.0857159880902
32948,482.0857159880902
32949,482.0857159880902
32950,482.0857159880902
32951,478.99283562029706
32952,478.99283562029706
32953,478.99283562029706
32954,478.99283562029706
32955,505.1694888230205
32956,505.1694888230205
32957,505.1694888230205
32958,505.1694888230205
32959,5094.202720404629
32960,5094.202720404629
32961,5094.202720404629
32962,5094.202720404629
32963,7136.6353910850885
32964,6886.958870036584
32965,6886.958870036584
32966,6886.958870036584
32967,6509.455046369133
32968,6240.656229123403
32969,6240.656229123403
32970,6240.656229123403
32971,7247.513332796856
32972,7247.513332796856
32973,7247.513332796856
32974,7247.513332796856
32975,7134.137307082335
32976,1429.2990095661737
32977,1429.2990095661737
32978,1429.2990095661737
32979,1198.523610855583
32980,1198.523610855583
32981,1198.523610855583
32982,1198.523610855583
32983,6340.129994196217
32984,6340.129994196217
32985,6340.129994196217
32986,6340.129994196217
32987,6279.585897616386
32988,6279.585897616386
32989,6279.585897616386
32990,6279.585897616386
32991,6308.284154502468
32992,6308.284154502468
32993,6308.284154502468
32994,6308.284154502468
32995,5243.6942287606735
32996,6261.067703551859
32997,6261.067703551859
32998,6261.067703551859
32999,5565.533510206217
33000,5565.533510206217
33001,5565.533510206217
33002,5565.533510206217
33003,6029.077354595742
33004,6029.077354595742
33005,6029.077354595742
33006,6029.077354595742
33007,5909.024933087608
33008,5079.515840157259
33009,5079.515840157259
33010,5079.515840157259
33011,1523.7796588682756
33012,1523.7796588682756
33013,1523.7796588682756
33014,1523.7796588682756
33015,779.0210794028995
33016,2111.148880467767
33017,2111.148880467767
33018,2111.148880467767
33019,2117.813827867052
33020,484.2840290994392
33021,484.2840290994392
33022,484.2840290994392
33023,520.2788059108556
33024,549.5586623849109
33025,549.5586623849109
33026,549.5586623849109
33027,519.1081802182865
33028,519.1081802182865
33029,519.1081802182865
33030,519.1081802182865
33031,491.41690980209
33032,491.41690980209
33033,491.41690980209
33034,491.41690980209
33035,483.07816266461543
33036,483.07816266461543
33037,483.07816266461543
33038,483.07816266461543
33039,478.7908747148115
33040,478.7908747148115
33041,478.7908747148115
33042,478.7908747148115
33043,477.6908366116165
33044,477.6908366116165
33045,477.6908366116165
33046,477.6908366116165
33047,474.756036981175
33048,474.756036981175
33049,474.756036981175
33050,474.756036981175
33051,507.9696762638915
33052,507.9696762638915
33053,507.9696762638915
33054,507.9696762638915
33055,5213.437229724735
33056,5213.437229724735
33057,5213.437229724735
33058,5213.437229724735
33059,6376.469883324329
33060,6546.631498456676
33061,6546.631498456676
33062,6546.631498456676
33063,6257.354255928853
33064,5946.682973445437
33065,5946.682973445437
33066,5946.682973445437
33067,7198.757261820057
33068,7198.757261820057
33069,7198.757261820057
33070,7198.757261820057
33071,7110.563070082997
33072,1490.3396997230543
33073,1490.3396997230543
33074,1490.3396997230543
33075,1120.5172975751125
33076,1120.5172975751125
33077,1120.5172975751125
33078,1120.5172975751125
33079,6115.638411994577
33080,6115.638411994577
33081,6115.638411994577
33082,6115.638411994577
33083,6262.911380656497
33084,6262.911380656497
33085,6262.911380656497
33086,6262.911380656497
33087,6272.95876151319
33088,6272.95876151319
33089,6272.95876151319
33090,6272.95876151319
33091,5230.017586890894
33092,6169.385261596447
33093,6169.385261596447
33094,6169.385261596447
33095,5244.077381322732
33096,5244.077381322732
33097,5244.077381322732
33098,5244.077381322732
33099,5373.791117004533
33100,5373.791117004533
33101,5373.791117004533
33102,5373.791117004533
33103,5383.129804913881
33104,5082.368481265694
33105,5082.368481265694
33106,5082.368481265694
33107,1511.5996744725635
33108,1511.5996744725635
33109,1511.5996744725635
33110,1511.5996744725635
33111,902.6003059476194
33112,1945.4275317537777
33113,1945.4275317537777
33114,1945.4275317537777
33115,1914.8208117823433
33116,505.34469656813025
33117,505.34469656813025
33118,505.34469656813025
33119,549.5586623849109
33120,558.022311328606
33121,558.022311328606
33122,558.022311328606
33123,538.1568796974244
33124,538.1568796974244
33125,538.1568796974244
33126,538.1568796974244
33127,511.2246794142539
33128,511.2246794142539
33129,511.2246794142539
33130,511.2246794142539
33131,497.80175871304317
33132,497.80175871304317
33133,497.80175871304317
33134,497.80175871304317
33135,502.5529036570341
33136,502.5529036570341
33137,502.5529036570341
33138,502.5529036570341
33139,499.4468788526535
33140,499.4468788526535
33141,499.4468788526535
33142,499.4468788526535
33143,499.4340291377242
33144,499.4340291377242
33145,499.4340291377242
33146,499.4340291377242
33147,502.5750241214191
33148,502.5750241214191
33149,502.5750241214191
33150,502.5750241214191
33151,5444.247755384623
33152,5444.247755384623
33153,5444.247755384623
33154,5444.247755384623
33155,6522.821024913173
33156,6572.829970914853
33157,6572.829970914853
33158,6572.829970914853
33159,6283.529865880786
33160,6235.585792031041
33161,6235.585792031041
33162,6235.585792031041
33163,7072.046189969031
33164,7072.046189969031
33165,7072.046189969031
33166,7072.046189969031
33167,6681.890772363587
33168,1475.8839032490291
33169,1475.8839032490291
33170,1475.8839032490291
33171,1103.1753240051846
33172,1103.1753240051846
33173,1103.1753240051846
33174,1103.1753240051846
33175,6085.781383324394
33176,6085.781383324394
33177,6085.781383324394
33178,6085.781383324394
33179,5936.317831016663
33180,5936.317831016663
33181,5936.317831016663
33182,5936.317831016663
33183,5995.625457175907
33184,5995.625457175907
33185,5995.625457175907
33186,5995.625457175907
33187,4797.936620578586
33188,5950.737613739701
33189,5950.737613739701
33190,5950.737613739701
33191,5030.238285161718
33192,5030.238285161718
33193,5030.238285161718
33194,5030.238285161718
33195,5228.516827058878
33196,5228.516827058878
33197,5228.516827058878
33198,5228.516827058878
33199,5377.0579544529
33200,3466.677158861588
33201,3466.677158861588
33202,3466.677158861588
33203,1363.812586881805
33204,1363.812586881805
33205,1363.812586881805
33206,1363.812586881805
33207,737.2905558731852
33208,1961.7931353389558
33209,1961.7931353389558
33210,1961.7931353389558
33211,1947.3725007634628
33212,464.3833983629182
33213,464.3833983629182
33214,464.3833983629182
33215,558.022311328606
33216,548.4015752237286
33217,548.4015752237286
33218,548.4015752237286
33219,504.09893577056937
33220,504.09893577056937
33221,504.09893577056937
33222,504.09893577056937
33223,484.7298706580751
33224,484.7298706580751
33225,484.7298706580751
33226,484.7298706580751
33227,483.7714441614427
33228,483.7714441614427
33229,483.7714441614427
33230,483.7714441614427
33231,482.3989427470692
33232,482.3989427470692
33233,482.3989427470692
33234,482.3989427470692
33235,480.6283705338037
33236,480.6283705338037
33237,480.6283705338037
33238,480.6283705338037
33239,480.0212804049522
33240,480.0212804049522
33241,480.0212804049522
33242,480.0212804049522
33243,503.11882223443536
33244,503.11882223443536
33245,503.11882223443536
33246,503.11882223443536
33247,5935.120894002074
33248,5935.120894002074
33249,5935.120894002074
33250,5935.120894002074
33251,7251.768410837919
33252,6626.899723058428
33253,6626.899723058428
33254,6626.899723058428
33255,6535.870220267486
33256,6376.936707208952
33257,6376.936707208952
33258,6376.936707208952
33259,7119.524448474886
33260,7119.524448474886
33261,7119.524448474886
33262,7119.524448474886
33263,6816.241797993426
33264,1328.554838480032
33265,1328.554838480032
33266,1328.554838480032
33267,1070.2714923662627
33268,1070.2714923662627
33269,1070.2714923662627
33270,1070.2714923662627
33271,5939.0587473478045
33272,5939.0587473478045
33273,5939.0587473478045
33274,5939.0587473478045
33275,5905.370017149778
33276,5905.370017149778
33277,5905.370017149778
33278,5905.370017149778
33279,5989.549958151277
33280,5989.549958151277
33281,5989.549958151277
33282,5989.549958151277
33283,4840.453056031146
33284,5387.0773267344985
33285,5387.0773267344985
33286,5387.0773267344985
33287,5196.083746785351
33288,5196.083746785351
33289,5196.083746785351
33290,5196.083746785351
33291,5354.486945360809
33292,5354.486945360809
33293,5354.486945360809
33294,5354.486945360809
33295,5500.333806960134
33296,4843.289917492959
33297,4843.289917492959
33298,4843.289917492959
33299,1513.527481589568
33300,1513.527481589568
33301,1513.527481589568
33302,1513.527481589568
33303,853.7532892241101
33304,1964.7762243293118
33305,1964.7762243293118
33306,1964.7762243293118
33307,1904.4127143690444
33308,504.9270575070147
33309,504.9270575070147
33310,504.9270575070147
33311,548.4015752237286
33312,610.5109689973777
33313,610.5109689973777
33314,610.5109689973777
33315,526.8948342509208
33316,526.8948342509208
33317,526.8948342509208
33318,526.8948342509208
33319,515.7832933198528
33320,515.7832933198528
33321,515.7832933198528
33322,515.7832933198528
33323,508.9037289353305
33324,508.9037289353305
33325,508.9037289353305
33326,508.9037289353305
33327,513.1350856371279
33328,513.1350856371279
33329,513.1350856371279
33330,513.1350856371279
33331,509.2050992290575
33332,509.2050992290575
33333,509.2050992290575
33334,509.2050992290575
33335,509.2367305904587
33336,509.2367305904587
33337,509.2367305904587
33338,509.2367305904587
33339,531.1590113164751
33340,531.1590113164751
33341,531.1590113164751
33342,531.1590113164751
33343,5339.617438357558
33344,5339.617438357558
33345,5339.617438357558
33346,5339.617438357558
33347,6080.708462732156
33348,6504.400472214456
33349,6504.400472214456
33350,6504.400472214456
33351,6098.8247550655515
33352,5878.363249283078
33353,5878.363249283078
33354,5878.363249283078
33355,6789.265182550838
33356,6789.265182550838
33357,6789.265182550838
33358,6789.265182550838
33359,6208.719083096036
33360,1415.1904722981612
33361,1415.1904722981612
33362,1415.1904722981612
33363,1072.413349721817
33364,1072.413349721817
33365,1072.413349721817
33366,1072.413349721817
33367,6086.200863304756
33368,6086.200863304756
33369,6086.200863304756
33370,6086.200863304756
33371,5907.478693561281
33372,5907.478693561281
33373,5907.478693561281
33374,5907.478693561281
33375,5935.097151565622
33376,5935.097151565622
33377,5935.097151565622
33378,5935.097151565622
33379,4637.872821966029
33380,5467.439960006661
33381,5467.439960006661
33382,5467.439960006661
33383,4704.172711824823
33384,4704.172711824823
33385,4704.172711824823
33386,4704.172711824823
33387,5246.299745516217
33388,5246.299745516217
33389,5246.299745516217
33390,5246.299745516217
33391,5257.310910084876
33392,4653.721498268081
33393,4653.721498268081
33394,4653.721498268081
33395,1487.904523791725
33396,1487.904523791725
33397,1487.904523791725
33398,1487.904523791725
33399,769.4784202861046
33400,1638.0767377361608
33401,1638.0767377361608
33402,1638.0767377361608
33403,1631.8591002019962
33404,492.4153548673208
33405,492.4153548673208
33406,492.4153548673208
33407,610.5109689973777
33408,525.8310828720156
33409,525.8310828720156
33410,525.8310828720156
33411,514.1243756231264
33412,514.1243756231264
33413,514.1243756231264
33414,514.1243756231264
33415,511.12464190518716
33416,511.12464190518716
33417,511.12464190518716
33418,511.12464190518716
33419,500.7205608686261
33420,500.7205608686261
33421,500.7205608686261
33422,500.7205608686261
33423,509.971700813682
33424,509.971700813682
33425,509.971700813682
33426,509.971700813682
33427,507.10484131623343
33428,507.10484131623343
33429,507.10484131623343
33430,507.10484131623343
33431,505.11572352019465
33432,505.11572352019465
33433,505.11572352019465
33434,505.11572352019465
33435,513.4312043905919
33436,513.4312043905919
33437,513.4312043905919
33438,513.4312043905919
33439,2956.789047815467
33440,2956.789047815467
33441,2956.789047815467
33442,2956.789047815467
33443,2435.1551957043257
33444,2435.1551957043257
33445,2435.1551957043257
33446,2435.1551957043257
33447,1579.518920099694
33448,1579.518920099694
33449,1579.518920099694
33450,1579.518920099694
33451,904.3102092277669
33452,904.3102092277669
33453,904.3102092277669
33454,904.3102092277669
33455,1084.097651925033
33456,1084.097651925033
33457,1084.097651925033
33458,1084.097651925033
33459,1423.581059183484
33460,1423.581059183484
33461,1423.581059183484
33462,1423.581059183484
33463,1684.9835100369628
33464,1684.9835100369628
33465,1684.9835100369628
33466,1684.9835100369628
33467,1614.6617864422074
33468,1614.6617864422074
33469,1614.6617864422074
33470,1614.6617864422074
33471,1546.2682513180878
33472,1546.2682513180878
33473,1546.2682513180878
33474,1546.2682513180878
33475,1536.6801577272704
33476,1536.6801577272704
33477,1536.6801577272704
33478,1536.6801577272704
33479,927.6082770898942
33480,927.6082770898942
33481,927.6082770898942
33482,927.6082770898942
33483,1513.2491358217717
33484,1513.2491358217717
33485,1513.2491358217717
33486,1513.2491358217717
33487,1533.4515841992147
33488,1533.4515841992147
33489,1533.4515841992147
33490,1533.4515841992147
33491,1479.6322045575457
33492,1479.6322045575457
33493,1479.6322045575457
33494,1479.6322045575457
33495,560.3036092097587
33496,560.3036092097587
33497,560.3036092097587
33498,560.3036092097587
33499,464.90903293774835
33500,464.90903293774835
33501,464.90903293774835
33502,464.90903293774835
33503,525.8310828720156
33504,455.4041573002458
33505,455.4041573002458
33506,455.4041573002458
33507,469.07010690479814
33508,469.07010690479814
33509,469.07010690479814
33510,469.07010690479814
33511,476.84810930914796
33512,476.84810930914796
33513,476.84810930914796
33514,476.84810930914796
33515,469.8878740818283
33516,469.8878740818283
33517,469.8878740818283
33518,469.8878740818283
33519,475.8263115555164
33520,475.8263115555164
33521,475.8263115555164
33522,475.8263115555164
33523,471.38091312510664
33524,471.38091312510664
33525,471.38091312510664
33526,471.38091312510664
33527,466.69230812152364
33528,466.69230812152364
33529,466.69230812152364
33530,466.69230812152364
33531,478.62649782529485
33532,478.62649782529485
33533,478.62649782529485
33534,478.62649782529485
33535,1532.8492953117347
33536,1532.8492953117347
33537,1532.8492953117347
33538,1532.8492953117347
33539,1596.153947820322
33540,3564.548204748326
33541,3564.548204748326
33542,3564.548204748326
33543,3973.805268691797
33544,3878.8416005861427
33545,3878.8416005861427
33546,3878.8416005861427
33547,3715.6743555614644
33548,3715.6743555614644
33549,3715.6743555614644
33550,3715.6743555614644
33551,4105.633593881902
33552,1270.5660788420594
33553,1270.5660788420594
33554,1270.5660788420594
33555,1511.7690274659794
33556,1511.7690274659794
33557,1511.7690274659794
33558,1511.7690274659794
33559,3578.660555442891
33560,3578.660555442891
33561,3578.660555442891
33562,3578.660555442891
33563,3548.432151540086
33564,3548.432151540086
33565,3548.432151540086
33566,3548.432151540086
33567,3547.1834633485523
33568,3547.1834633485523
33569,3547.1834633485523
33570,3547.1834633485523
33571,1186.3244283442652
33572,1043.7613780902861
33573,1043.7613780902861
33574,1043.7613780902861
33575,1420.7643679637222
33576,1420.7643679637222
33577,1420.7643679637222
33578,1420.7643679637222
33579,1060.3391992128902
33580,1060.3391992128902
33581,1060.3391992128902
33582,1060.3391992128902
33583,1069.5254827654867
33584,1109.870563104728
33585,1109.870563104728
33586,1109.870563104728
33587,969.3237333439656
33588,969.3237333439656
33589,969.3237333439656
33590,969.3237333439656
33591,546.3662428033222
33592,1039.046897866442
33593,1039.046897866442
33594,1039.046897866442
33595,900.137976958626
33596,459.1535454044055
33597,459.1535454044055
33598,459.1535454044055
33599,455.4041573002458
33600,520.2788059108556
33601,520.2788059108556
33602,520.2788059108556
33603,510.9400751801944
33604,510.9400751801944
33605,510.9400751801944
33606,510.9400751801944
33607,489.3783853494928
33608,489.3783853494928
33609,489.3783853494928
33610,489.3783853494928
33611,489.41266372072135
33612,489.41266372072135
33613,489.41266372072135
33614,489.41266372072135
33615,481.97936771063735
33616,481.97936771063735
33617,481.97936771063735
33618,481.97936771063735
33619,482.0857159880902
33620,482.0857159880902
33621,482.0857159880902
33622,482.0857159880902
33623,478.99283562029706
33624,478.99283562029706
33625,478.99283562029706
33626,478.99283562029706
33627,505.1694888230205
33628,505.1694888230205
33629,505.1694888230205
33630,505.1694888230205
33631,5094.202720404629
33632,5094.202720404629
33633,5094.202720404629
33634,5094.202720404629
33635,7136.6353910850885
33636,6886.958870036584
33637,6886.958870036584
33638,6886.958870036584
33639,6509.455046369133
33640,6240.656229123403
33641,6240.656229123403
33642,6240.656229123403
33643,7247.513332796856
33644,7247.513332796856
33645,7247.513332796856
33646,7247.513332796856
33647,7134.137307082335
33648,1429.2990095661737
33649,1429.2990095661737
33650,1429.2990095661737
33651,1198.523610855583
33652,1198.523610855583
33653,1198.523610855583
33654,1198.523610855583
33655,6340.129994196217
33656,6340.129994196217
33657,6340.129994196217
33658,6340.129994196217
33659,6279.585897616386
33660,6279.585897616386
33661,6279.585897616386
33662,6279.585897616386
33663,6308.284154502468
33664,6308.284154502468
33665,6308.284154502468
33666,6308.284154502468
33667,5243.6942287606735
33668,6261.067703551859
33669,6261.067703551859
33670,6261.067703551859
33671,5565.533510206217
33672,5565.533510206217
33673,5565.533510206217
33674,5565.533510206217
33675,6029.077354595742
33676,6029.077354595742
33677,6029.077354595742
33678,6029.077354595742
33679,5909.024933087608
33680,5079.515840157259
33681,5079.515840157259
33682,5079.515840157259
33683,1523.7796588682756
33684,1523.7796588682756
33685,1523.7796588682756
33686,1523.7796588682756
33687,779.0210794028995
33688,2111.148880467767
33689,2111.148880467767
33690,2111.148880467767
33691,2117.813827867052
33692,484.2840290994392
33693,484.2840290994392
33694,484.2840290994392
33695,520.2788059108556
33696,549.5586623849109
33697,549.5586623849109
33698,549.5586623849109
33699,519.1081802182865
33700,519.1081802182865
33701,519.1081802182865
33702,519.1081802182865
33703,491.41690980209
33704,491.41690980209
33705,491.41690980209
33706,491.41690980209
33707,483.07816266461543
33708,483.07816266461543
33709,483.07816266461543
33710,483.07816266461543
33711,478.7908747148115
33712,478.7908747148115
33713,478.7908747148115
33714,478.7908747148115
33715,477.6908366116165
33716,477.6908366116165
33717,477.6908366116165
33718,477.6908366116165
33719,474.756036981175
33720,474.756036981175
33721,474.756036981175
33722,474.756036981175
33723,507.9696762638915
33724,507.9696762638915
33725,507.9696762638915
33726,507.9696762638915
33727,5213.437229724735
33728,5213.437229724735
33729,5213.437229724735
33730,5213.437229724735
33731,6376.469883324329
33732,6546.631498456676
33733,6546.631498456676
33734,6546.631498456676
33735,6257.354255928853
33736,5946.682973445437
33737,5946.682973445437
33738,5946.682973445437
33739,7198.757261820057
33740,7198.757261820057
33741,7198.757261820057
33742,7198.757261820057
33743,7110.563070082997
33744,1490.3396997230543
33745,1490.3396997230543
33746,1490.3396997230543
33747,1120.5172975751125
33748,1120.5172975751125
33749,1120.5172975751125
33750,1120.5172975751125
33751,6115.638411994577
33752,6115.638411994577
33753,6115.638411994577
33754,6115.638411994577
33755,6262.911380656497
33756,6262.911380656497
33757,6262.911380656497
33758,6262.911380656497
33759,6272.95876151319
33760,6272.95876151319
33761,6272.95876151319
33762,6272.95876151319
33763,5230.017586890894
33764,6169.385261596447
33765,6169.385261596447
33766,6169.385261596447
33767,5244.077381322732
33768,5244.077381322732
33769,5244.077381322732
33770,5244.077381322732
33771,5373.791117004533
33772,5373.791117004533
33773,5373.791117004533
33774,5373.791117004533
33775,5383.129804913881
33776,5082.368481265694
33777,5082.368481265694
33778,5082.368481265694
33779,1511.5996744725635
33780,1511.5996744725635
33781,1511.5996744725635
33782,1511.5996744725635
33783,902.6003059476194
33784,1945.4275317537777
33785,1945.4275317537777
33786,1945.4275317537777
33787,1914.8208117823433
33788,505.34469656813025
33789,505.34469656813025
33790,505.34469656813025
33791,549.5586623849109
33792,558.022311328606
33793,558.022311328606
33794,558.022311328606
33795,538.1568796974244
33796,538.1568796974244
33797,538.1568796974244
33798,538.1568796974244
33799,511.2246794142539
33800,511.2246794142539
33801,511.2246794142539
33802,511.2246794142539
33803,497.80175871304317
33804,497.80175871304317
33805,497.80175871304317
33806,497.80175871304317
33807,502.5529036570341
33808,502.5529036570341
33809,502.5529036570341
33810,502.5529036570341
33811,499.4468788526535
33812,499.4468788526535
33813,499.4468788526535
33814,499.4468788526535
33815,499.4340291377242
33816,499.4340291377242
33817,499.4340291377242
33818,499.4340291377242
33819,502.5750241214191
33820,502.5750241214191
33821,502.5750241214191
33822,502.5750241214191
33823,5444.247755384623
33824,5444.247755384623
33825,5444.247755384623
33826,5444.247755384623
33827,6522.821024913173
33828,6572.829970914853
33829,6572.829970914853
33830,6572.829970914853
33831,6283.529865880786
33832,6235.585792031041
33833,6235.585792031041
33834,6235.585792031041
33835,7072.046189969031
33836,7072.046189969031
33837,7072.046189969031
33838,7072.046189969031
33839,6681.890772363587
33840,1475.8839032490291
33841,1475.8839032490291
33842,1475.8839032490291
33843,1103.1753240051846
33844,1103.1753240051846
33845,1103.1753240051846
33846,1103.1753240051846
33847,6085.781383324394
33848,6085.781383324394
33849,6085.781383324394
33850,6085.781383324394
33851,5936.317831016663
33852,5936.317831016663
33853,5936.317831016663
33854,5936.317831016663
33855,5995.625457175907
33856,5995.625457175907
33857,5995.625457175907
33858,5995.625457175907
33859,4797.936620578586
33860,5950.737613739701
33861,5950.737613739701
33862,5950.737613739701
33863,5030.238285161718
33864,5030.238285161718
33865,5030.238285161718
33866,5030.238285161718
33867,5228.516827058878
33868,5228.516827058878
33869,5228.516827058878
33870,5228.516827058878
33871,5377.0579544529
33872,3466.677158861588
33873,3466.677158861588
33874,3466.677158861588
33875,1363.812586881805
33876,1363.812586881805
33877,1363.812586881805
33878,1363.812586881805
33879,737.2905558731852
33880,1961.7931353389558
33881,1961.7931353389558
33882,1961.7931353389558
33883,1947.3725007634628
33884,464.3833983629182
33885,464.3833983629182
33886,464.3833983629182
33887,558.022311328606
33888,548.4015752237286
33889,548.4015752237286
33890,548.4015752237286
33891,504.09893577056937
33892,504.09893577056937
33893,504.09893577056937
33894,504.09893577056937
33895,484.7298706580751
33896,484.7298706580751
33897,484.7298706580751
33898,484.7298706580751
33899,483.7714441614427
33900,483.7714441614427
33901,483.7714441614427
33902,483.7714441614427
33903,482.3989427470692
33904,482.3989427470692
33905,482.3989427470692
33906,482.3989427470692
33907,480.6283705338037
33908,480.6283705338037
33909,480.6283705338037
33910,480.6283705338037
33911,480.0212804049522
33912,480.0212804049522
33913,480.0212804049522
33914,480.0212804049522
33915,503.11882223443536
33916,503.11882223443536
33917,503.11882223443536
33918,503.11882223443536
33919,5935.120894002074
33920,5935.120894002074
33921,5935.120894002074
33922,5935.120894002074
33923,7251.768410837919
33924,6626.899723058428
33925,6626.899723058428
33926,6626.899723058428
33927,6535.870220267486
33928,6376.936707208952
33929,6376.936707208952
33930,6376.936707208952
33931,7119.524448474886
33932,7119.524448474886
33933,7119.524448474886
33934,7119.524448474886
33935,6816.241797993426
33936,1328.554838480032
33937,1328.554838480032
33938,1328.554838480032
33939,1070.2714923662627
33940,1070.2714923662627
33941,1070.2714923662627
33942,1070.2714923662627
33943,5939.0587473478045
33944,5939.0587473478045
33945,5939.0587473478045
33946,5939.0587473478045
33947,5905.370017149778
33948,5905.370017149778
33949,5905.370017149778
33950,5905.370017149778
33951,5989.549958151277
33952,5989.549958151277
33953,5989.549958151277
33954,5989.549958151277
33955,4840.453056031146
33956,5387.0773267344985
33957,5387.0773267344985
33958,5387.0773267344985
33959,5196.083746785351
33960,5196.083746785351
33961,5196.083746785351
33962,5196.083746785351
33963,5354.486945360809
33964,5354.486945360809
33965,5354.486945360809
33966,5354.486945360809
33967,5500.333806960134
33968,4843.289917492959
33969,4843.289917492959
33970,4843.289917492959
33971,1513.527481589568
33972,1513.527481589568
33973,1513.527481589568
33974,1513.527481589568
33975,853.7532892241101
33976,1964.7762243293118
33977,1964.7762243293118
33978,1964.7762243293118
33979,1904.4127143690444
33980,504.9270575070147
33981,504.9270575070147
33982,504.9270575070147
33983,548.4015752237286
33984,610.5109689973777
33985,610.5109689973777
33986,610.5109689973777
33987,526.8948342509208
33988,526.8948342509208
33989,526.8948342509208
33990,526.8948342509208
33991,515.7832933198528
33992,515.7832933198528
33993,515.7832933198528
33994,515.7832933198528
33995,508.9037289353305
33996,508.9037289353305
33997,508.9037289353305
33998,508.9037289353305
33999,513.1350856371279
34000,513.1350856371279
34001,513.1350856371279
34002,513.1350856371279
34003,509.2050992290575
34004,509.2050992290575
34005,509.2050992290575
34006,509.2050992290575
34007,509.2367305904587
34008,509.2367305904587
34009,509.2367305904587
34010,509.2367305904587
34011,531.1590113164751
34012,531.1590113164751
34013,531.1590113164751
34014,531.1590113164751
34015,5339.617438357558
34016,5339.617438357558
34017,5339.617438357558
34018,5339.617438357558
34019,6080.708462732156
34020,6504.400472214456
34021,6504.400472214456
34022,6504.400472214456
34023,6098.8247550655515
34024,5878.363249283078
34025,5878.363249283078
34026,5878.363249283078
34027,6789.265182550838
34028,6789.265182550838
34029,6789.265182550838
34030,6789.265182550838
34031,6208.719083096036
34032,1415.1904722981612
34033,1415.1904722981612
34034,1415.1904722981612
34035,1072.413349721817
34036,1072.413349721817
34037,1072.413349721817
34038,1072.413349721817
34039,6086.200863304756
34040,6086.200863304756
34041,6086.200863304756
34042,6086.200863304756
34043,5907.478693561281
34044,5907.478693561281
34045,5907.478693561281
34046,5907.478693561281
34047,5935.097151565622
34048,5935.097151565622
34049,5935.097151565622
34050,5935.097151565622
34051,4637.872821966029
34052,5467.439960006661
34053,5467.439960006661
34054,5467.439960006661
34055,4704.172711824823
34056,4704.172711824823
34057,4704.172711824823
34058,4704.172711824823
34059,5246.299745516217
34060,5246.299745516217
34061,5246.299745516217
34062,5246.299745516217
34063,5257.310910084876
34064,4653.721498268081
34065,4653.721498268081
34066,4653.721498268081
34067,1487.904523791725
34068,1487.904523791725
34069,1487.904523791725
34070,1487.904523791725
34071,769.4784202861046
34072,1638.0767377361608
34073,1638.0767377361608
34074,1638.0767377361608
34075,1631.8591002019962
34076,492.4153548673208
34077,492.4153548673208
34078,492.4153548673208
34079,610.5109689973777
34080,525.8310828720156
34081,525.8310828720156
34082,525.8310828720156
34083,514.1243756231264
34084,514.1243756231264
34085,514.1243756231264
34086,514.1243756231264
34087,511.12464190518716
34088,511.12464190518716
34089,511.12464190518716
34090,511.12464190518716
34091,500.7205608686261
34092,500.7205608686261
34093,500.7205608686261
34094,500.7205608686261
34095,509.971700813682
34096,509.971700813682
34097,509.971700813682
34098,509.971700813682
34099,507.10484131623343
34100,507.10484131623343
34101,507.10484131623343
34102,507.10484131623343
34103,505.11572352019465
34104,505.11572352019465
34105,505.11572352019465
34106,505.11572352019465
34107,513.4312043905919
34108,513.4312043905919
34109,513.4312043905919
34110,513.4312043905919
34111,2956.789047815467
34112,2956.789047815467
34113,2956.789047815467
34114,2956.789047815467
34115,2435.1551957043257
34116,2435.1551957043257
34117,2435.1551957043257
34118,2435.1551957043257
34119,1579.518920099694
34120,1579.518920099694
34121,1579.518920099694
34122,1579.518920099694
34123,904.3102092277669
34124,904.3102092277669
34125,904.3102092277669
34126,904.3102092277669
34127,1084.097651925033
34128,1084.097651925033
34129,1084.097651925033
34130,1084.097651925033
34131,1423.581059183484
34132,1423.581059183484
34133,1423.581059183484
34134,1423.581059183484
34135,1684.9835100369628
34136,1684.9835100369628
34137,1684.9835100369628
34138,1684.9835100369628
34139,1614.6617864422074
34140,1614.6617864422074
34141,1614.6617864422074
34142,1614.6617864422074
34143,1546.2682513180878
34144,1546.2682513180878
34145,1546.2682513180878
34146,1546.2682513180878
34147,1536.6801577272704
34148,1536.6801577272704
34149,1536.6801577272704
34150,1536.6801577272704
34151,927.6082770898942
34152,927.6082770898942
34153,927.6082770898942
34154,927.6082770898942
34155,1513.2491358217717
34156,1513.2491358217717
34157,1513.2491358217717
34158,1513.2491358217717
34159,1533.4515841992147
34160,1533.4515841992147
34161,1533.4515841992147
34162,1533.4515841992147
34163,1479.6322045575457
34164,1479.6322045575457
34165,1479.6322045575457
34166,1479.6322045575457
34167,560.3036092097587
34168,560.3036092097587
34169,560.3036092097587
34170,560.3036092097587
34171,464.90903293774835
34172,464.90903293774835
34173,464.90903293774835
34174,464.90903293774835
34175,525.8310828720156
34176,455.4041573002458
34177,455.4041573002458
34178,455.4041573002458
34179,469.07010690479814
34180,469.07010690479814
34181,469.07010690479814
34182,469.07010690479814
34183,476.84810930914796
34184,476.84810930914796
34185,476.84810930914796
34186,476.84810930914796
34187,469.8878740818283
34188,469.8878740818283
34189,469.8878740818283
34190,469.8878740818283
34191,475.8263115555164
34192,475.8263115555164
34193,475.8263115555164
34194,475.8263115555164
34195,471.38091312510664
34196,471.38091312510664
34197,471.38091312510664
34198,471.38091312510664
34199,466.69230812152364
34200,466.69230812152364
34201,466.69230812152364
34202,466.69230812152364
34203,478.62649782529485
34204,478.62649782529485
34205,478.62649782529485
34206,478.62649782529485
34207,1532.8492953117347
34208,1532.8492953117347
34209,1532.8492953117347
34210,1532.8492953117347
34211,1596.153947820322
34212,1596.153947820322
34213,1596.153947820322
34214,1596.153947820322
34215,1525.1820523744557
34216,1525.1820523744557
34217,1525.1820523744557
34218,1525.1820523744557
34219,899.9053121711426
34220,899.9053121711426
34221,899.9053121711426
34222,899.9053121711426
34223,1001.0841394420138
34224,1001.0841394420138
34225,1001.0841394420138
34226,1001.0841394420138
34227,1479.5830998759388
34228,1479.5830998759388
34229,1479.5830998759388
34230,1479.5830998759388
34231,1525.3317592298356
34232,1525.3317592298356
34233,1525.3317592298356
34234,1525.3317592298356
34235,1528.6729496721227
34236,1528.6729496721227
34237,1528.6729496721227
34238,1528.6729496721227
34239,1522.0528537361076
34240,1522.0528537361076
34241,1522.0528537361076
34242,1522.0528537361076
34243,1487.6092204054528
34244,1487.6092204054528
34245,1487.6092204054528
34246,1487.6092204054528
34247,949.1251320186068
34248,949.1251320186068
34249,949.1251320186068
34250,949.1251320186068
34251,1494.7210823583398
34252,1494.7210823583398
34253,1494.7210823583398
34254,1494.7210823583398
34255,1501.5822511166878
34256,1501.5822511166878
34257,1501.5822511166878
34258,1501.5822511166878
34259,1472.4032165419371
34260,1472.4032165419371
34261,1472.4032165419371
34262,1472.4032165419371
34263,601.4864062311773
34264,601.4864062311773
34265,601.4864062311773
34266,601.4864062311773
34267,459.1535454044055
34268,459.1535454044055
34269,459.1535454044055
34270,459.1535454044055
34271,455.4041573002458
34272,520.2788059108556
34273,520.2788059108556
34274,520.2788059108556
34275,510.9400751801944
34276,510.9400751801944
34277,510.9400751801944
34278,510.9400751801944
34279,489.3783853494928
34280,489.3783853494928
34281,489.3783853494928
34282,489.3783853494928
34283,489.41266372072135
34284,489.41266372072135
34285,489.41266372072135
34286,489.41266372072135
34287,481.97936771063735
34288,481.97936771063735
34289,481.97936771063735
34290,481.97936771063735
34291,482.0857159880902
34292,482.0857159880902
34293,482.0857159880902
34294,482.0857159880902
34295,478.99283562029706
34296,478.99283562029706
34297,478.99283562029706
34298,478.99283562029706
34299,505.1694888230205
34300,505.1694888230205
34301,505.1694888230205
34302,505.1694888230205
34303,5094.202720404629
34304,5094.202720404629
34305,5094.202720404629
34306,5094.202720404629
34307,7136.6353910850885
34308,6886.958870036584
34309,6886.958870036584
34310,6886.958870036584
34311,6509.455046369133
34312,6240.656229123403
34313,6240.656229123403
34314,6240.656229123403
34315,7247.513332796856
34316,7247.513332796856
34317,7247.513332796856
34318,7247.513332796856
34319,7134.137307082335
34320,1429.2990095661737
34321,1429.2990095661737
34322,1429.2990095661737
34323,1198.523610855583
34324,1198.523610855583
34325,1198.523610855583
34326,1198.523610855583
34327,6340.129994196217
34328,6340.129994196217
34329,6340.129994196217
34330,6340.129994196217
34331,6279.585897616386
34332,6279.585897616386
34333,6279.585897616386
34334,6279.585897616386
34335,6308.284154502468
34336,6308.284154502468
34337,6308.284154502468
34338,6308.284154502468
34339,5243.6942287606735
34340,6261.067703551859
34341,6261.067703551859
34342,6261.067703551859
34343,5565.533510206217
34344,5565.533510206217
34345,5565.533510206217
34346,5565.533510206217
34347,6029.077354595742
34348,6029.077354595742
34349,6029.077354595742
34350,6029.077354595742
34351,5909.024933087608
34352,5079.515840157259
34353,5079.515840157259
34354,5079.515840157259
34355,1523.7796588682756
34356,1523.7796588682756
34357,1523.7796588682756
34358,1523.7796588682756
34359,779.0210794028995
34360,2111.148880467767
34361,2111.148880467767
34362,2111.148880467767
34363,2117.813827867052
34364,484.2840290994392
34365,484.2840290994392
34366,484.2840290994392
34367,520.2788059108556
34368,549.5586623849109
34369,549.5586623849109
34370,549.5586623849109
34371,519.1081802182865
34372,519.1081802182865
34373,519.1081802182865
34374,519.1081802182865
34375,491.41690980209
34376,491.41690980209
34377,491.41690980209
34378,491.41690980209
34379,483.07816266461543
34380,483.07816266461543
34381,483.07816266461543
34382,483.07816266461543
34383,478.7908747148115
34384,478.7908747148115
34385,478.7908747148115
34386,478.7908747148115
34387,477.6908366116165
34388,477.6908366116165
34389,477.6908366116165
34390,477.6908366116165
34391,474.756036981175
34392,474.756036981175
34393,474.756036981175
34394,474.756036981175
34395,507.9696762638915
34396,507.9696762638915
34397,507.9696762638915
34398,507.9696762638915
34399,5213.437229724735
34400,5213.437229724735
34401,5213.437229724735
34402,5213.437229724735
34403,6376.469883324329
34404,6376.469883324329
34405,6376.469883324329
34406,6376.469883324329
34407,1561.6357340089387
34408,1561.6357340089387
34409,1561.6357340089387
34410,1561.6357340089387
34411,907.9902277983656
34412,907.9902277983656
34413,907.9902277983656
34414,907.9902277983656
34415,1149.4416657529046
34416,1149.4416657529046
34417,1149.4416657529046
34418,1149.4416657529046
34419,1532.7778336223778
34420,1532.7778336223778
34421,1532.7778336223778
34422,1532.7778336223778
34423,1600.4997551764216
34424,1600.4997551764216
34425,1600.4997551764216
34426,1600.4997551764216
34427,1526.6139343068353
34428,1526.6139343068353
34429,1526.6139343068353
34430,1526.6139343068353
34431,1552.8844276101222
34432,1552.8844276101222
34433,1552.8844276101222
34434,1552.8844276101222
34435,1515.3311026809747
34436,1515.3311026809747
34437,1515.3311026809747
34438,1515.3311026809747
34439,923.6495228013675
34440,923.6495228013675
34441,923.6495228013675
34442,923.6495228013675
34443,1526.0303941482478
34444,1526.0303941482478
34445,1526.0303941482478
34446,1526.0303941482478
34447,1558.197082673765
34448,1558.197082673765
34449,1558.197082673765
34450,1558.197082673765
34451,1515.1382245938505
34452,1515.1382245938505
34453,1515.1382245938505
34454,1515.1382245938505
34455,605.3056964229382
34456,605.3056964229382
34457,605.3056964229382
34458,605.3056964229382
34459,505.34469656813025
34460,505.34469656813025
34461,505.34469656813025
34462,505.34469656813025
34463,549.5586623849109
34464,558.022311328606
34465,558.022311328606
34466,558.022311328606
34467,538.1568796974244
34468,538.1568796974244
34469,538.1568796974244
34470,538.1568796974244
34471,511.2246794142539
34472,511.2246794142539
34473,511.2246794142539
34474,511.2246794142539
34475,497.80175871304317
34476,497.80175871304317
34477,497.80175871304317
34478,497.80175871304317
34479,502.5529036570341
34480,502.5529036570341
34481,502.5529036570341
34482,502.5529036570341
34483,499.4468788526535
34484,499.4468788526535
34485,499.4468788526535
34486,499.4468788526535
34487,499.4340291377242
34488,499.4340291377242
34489,499.4340291377242
34490,499.4340291377242
34491,502.5750241214191
34492,502.5750241214191
34493,502.5750241214191
34494,502.5750241214191
34495,5444.247755384623
34496,5444.247755384623
34497,5444.247755384623
34498,5444.247755384623
34499,6522.821024913173
34500,6572.829970914853
34501,6572.829970914853
34502,6572.829970914853
34503,6283.529865880786
34504,6235.585792031041
34505,6235.585792031041
34506,6235.585792031041
34507,7072.046189969031
34508,7072.046189969031
34509,7072.046189969031
34510,7072.046189969031
34511,6681.890772363587
34512,1475.8839032490291
34513,1475.8839032490291
34514,1475.8839032490291
34515,1103.1753240051846
34516,1103.1753240051846
34517,1103.1753240051846
34518,1103.1753240051846
34519,6085.781383324394
34520,6085.781383324394
34521,6085.781383324394
34522,6085.781383324394
34523,5936.317831016663
34524,5936.317831016663
34525,5936.317831016663
34526,5936.317831016663
34527,5995.625457175907
34528,5995.625457175907
34529,5995.625457175907
34530,5995.625457175907
34531,4797.936620578586
34532,5950.737613739701
34533,5950.737613739701
34534,5950.737613739701
34535,5030.238285161718
34536,5030.238285161718
34537,5030.238285161718
34538,5030.238285161718
34539,5228.516827058878
34540,5228.516827058878
34541,5228.516827058878
34542,5228.516827058878
34543,5377.0579544529
34544,3466.677158861588
34545,3466.677158861588
34546,3466.677158861588
34547,1363.812586881805
34548,1363.812586881805
34549,1363.812586881805
34550,1363.812586881805
34551,737.2905558731852
34552,1961.7931353389558
34553,1961.7931353389558
34554,1961.7931353389558
34555,1947.3725007634628
34556,464.3833983629182
34557,464.3833983629182
34558,464.3833983629182
34559,558.022311328606
34560,548.4015752237286
34561,548.4015752237286
34562,548.4015752237286
34563,504.09893577056937
34564,504.09893577056937
34565,504.09893577056937
34566,504.09893577056937
34567,484.7298706580751
34568,484.7298706580751
34569,484.7298706580751
34570,484.7298706580751
34571,483.7714441614427
34572,483.7714441614427
34573,483.7714441614427
34574,483.7714441614427
34575,482.3989427470692
34576,482.3989427470692
34577,482.3989427470692
34578,482.3989427470692
34579,480.6283705338037
34580,480.6283705338037
34581,480.6283705338037
34582,480.6283705338037
34583,480.0212804049522
34584,480.0212804049522
34585,480.0212804049522
34586,480.0212804049522
34587,503.11882223443536
34588,503.11882223443536
34589,503.11882223443536
34590,503.11882223443536
34591,5935.120894002074
34592,5935.120894002074
34593,5935.120894002074
34594,5935.120894002074
34595,7251.768410837919
34596,6626.899723058428
34597,6626.899723058428
34598,6626.899723058428
34599,6535.870220267486
34600,6376.936707208952
34601,6376.936707208952
34602,6376.936707208952
34603,7119.524448474886
34604,7119.524448474886
34605,7119.524448474886
34606,7119.524448474886
34607,6816.241797993426
34608,1328.554838480032
34609,1328.554838480032
34610,1328.554838480032
34611,1070.2714923662627
34612,1070.2714923662627
34613,1070.2714923662627
34614,1070.2714923662627
34615,5939.0587473478045
34616,5939.0587473478045
34617,5939.0587473478045
34618,5939.0587473478045
34619,5905.370017149778
34620,5905.370017149778
34621,5905.370017149778
34622,5905.370017149778
34623,5989.549958151277
34624,5989.549958151277
34625,5989.549958151277
34626,5989.549958151277
34627,4840.453056031146
34628,5387.0773267344985
34629,5387.0773267344985
34630,5387.0773267344985
34631,5196.083746785351
34632,5196.083746785351
34633,5196.083746785351
34634,5196.083746785351
34635,5354.486945360809
34636,5354.486945360809
34637,5354.486945360809
34638,5354.486945360809
34639,5500.333806960134
34640,4843.289917492959
34641,4843.289917492959
34642,4843.289917492959
34643,1513.527481589568
34644,1513.527481589568
34645,1513.527481589568
34646,1513.527481589568
34647,853.7532892241101
34648,1964.7762243293118
34649,1964.7762243293118
34650,1964.7762243293118
34651,1904.4127143690444
34652,504.9270575070147
34653,504.9270575070147
34654,504.9270575070147
34655,548.4015752237286
34656,610.5109689973777
34657,610.5109689973777
34658,610.5109689973777
34659,526.8948342509208
34660,526.8948342509208
34661,526.8948342509208
34662,526.8948342509208
34663,515.7832933198528
34664,515.7832933198528
34665,515.7832933198528
34666,515.7832933198528
34667,508.9037289353305
34668,508.9037289353305
34669,508.9037289353305
34670,508.9037289353305
34671,513.1350856371279
34672,513.1350856371279
34673,513.1350856371279
34674,513.1350856371279
34675,509.2050992290575
34676,509.2050992290575
34677,509.2050992290575
34678,509.2050992290575
34679,509.2367305904587
34680,509.2367305904587
34681,509.2367305904587
34682,509.2367305904587
34683,531.1590113164751
34684,531.1590113164751
34685,531.1590113164751
34686,531.1590113164751
34687,5339.617438357558
34688,5339.617438357558
34689,5339.617438357558
34690,5339.617438357558
34691,6080.708462732156
34692,6504.400472214456
34693,6504.400472214456
34694,6504.400472214456
34695,6098.8247550655515
34696,5878.363249283078
34697,5878.363249283078
34698,5878.363249283078
34699,6789.265182550838
34700,6789.265182550838
34701,6789.265182550838
34702,6789.265182550838
34703,6208.719083096036
34704,1415.1904722981612
34705,1415.1904722981612
34706,1415.1904722981612
34707,1072.413349721817
34708,1072.413349721817
34709,1072.413349721817
34710,1072.413349721817
34711,6086.200863304756
34712,6086.200863304756
34713,6086.200863304756
34714,6086.200863304756
34715,5907.478693561281
34716,5907.478693561281
34717,5907.478693561281
34718,5907.478693561281
34719,5935.097151565622
34720,5935.097151565622
34721,5935.097151565622
34722,5935.097151565622
34723,4637.872821966029
34724,5467.439960006661
34725,5467.439960006661
34726,5467.439960006661
34727,4704.172711824823
34728,4704.172711824823
34729,4704.172711824823
34730,4704.172711824823
34731,5246.299745516217
34732,5246.299745516217
34733,5246.299745516217
34734,5246.299745516217
34735,5257.310910084876
34736,4653.721498268081
34737,4653.721498268081
34738,4653.721498268081
34739,1487.904523791725
34740,1487.904523791725
34741,1487.904523791725
34742,1487.904523791725
34743,769.4784202861046
34744,1638.0767377361608
34745,1638.0767377361608
34746,1638.0767377361608
34747,1631.8591002019962
34748,492.4153548673208
34749,492.4153548673208
34750,492.4153548673208
34751,610.5109689973777
34752,525.8310828720156
34753,525.8310828720156
34754,525.8310828720156
34755,514.1243756231264
34756,514.1243756231264
34757,514.1243756231264
34758,514.1243756231264
34759,511.12464190518716
34760,511.12464190518716
34761,511.12464190518716
34762,511.12464190518716
34763,500.7205608686261
34764,500.7205608686261
34765,500.7205608686261
34766,500.7205608686261
34767,509.971700813682
34768,509.971700813682
34769,509.971700813682
34770,509.971700813682
34771,507.10484131623343
34772,507.10484131623343
34773,507.10484131623343
34774,507.10484131623343
34775,505.11572352019465
34776,505.11572352019465
34777,505.11572352019465
34778,505.11572352019465
34779,513.4312043905919
34780,513.4312043905919
34781,513.4312043905919
34782,513.4312043905919
34783,2956.789047815467
34784,2956.789047815467
34785,2956.789047815467
34786,2956.789047815467
34787,2435.1551957043257
34788,2435.1551957043257
34789,2435.1551957043257
34790,2435.1551957043257
34791,1579.518920099694
34792,1579.518920099694
34793,1579.518920099694
34794,1579.518920099694
34795,904.3102092277669
34796,904.3102092277669
34797,904.3102092277669
34798,904.3102092277669
34799,1084.097651925033
34800,1084.097651925033
34801,1084.097651925033
34802,1084.097651925033
34803,1423.581059183484
34804,1423.581059183484
34805,1423.581059183484
34806,1423.581059183484
34807,1684.9835100369628
34808,1684.9835100369628
34809,1684.9835100369628
34810,1684.9835100369628
34811,1614.6617864422074
34812,1614.6617864422074
34813,1614.6617864422074
34814,1614.6617864422074
34815,1546.2682513180878
34816,1546.2682513180878
34817,1546.2682513180878
34818,1546.2682513180878
34819,1536.6801577272704
34820,1536.6801577272704
34821,1536.6801577272704
34822,1536.6801577272704
34823,927.6082770898942
34824,927.6082770898942
34825,927.6082770898942
34826,927.6082770898942
34827,1513.2491358217717
34828,1513.2491358217717
34829,1513.2491358217717
34830,1513.2491358217717
34831,1533.4515841992147
34832,1533.4515841992147
34833,1533.4515841992147
34834,1533.4515841992147
34835,1479.6322045575457
34836,1479.6322045575457
34837,1479.6322045575457
34838,1479.6322045575457
34839,560.3036092097587
34840,560.3036092097587
34841,560.3036092097587
34842,560.3036092097587
34843,464.90903293774835
34844,464.90903293774835
34845,464.90903293774835
34846,464.90903293774835
34847,525.8310828720156
34848,455.4041573002458
34849,455.4041573002458
34850,455.4041573002458
34851,469.07010690479814
34852,469.07010690479814
34853,469.07010690479814
34854,469.07010690479814
34855,476.84810930914796
34856,476.84810930914796
34857,476.84810930914796
34858,476.84810930914796
34859,469.8878740818283
34860,469.8878740818283
34861,469.8878740818283
34862,469.8878740818283
34863,475.8263115555164
34864,475.8263115555164
34865,475.8263115555164
34866,475.8263115555164
34867,471.38091312510664
34868,471.38091312510664
34869,471.38091312510664
34870,471.38091312510664
34871,466.69230812152364
34872,466.69230812152364
34873,466.69230812152364
34874,466.69230812152364
34875,478.62649782529485
34876,478.62649782529485
34877,478.62649782529485
34878,478.62649782529485
34879,1532.8492953117347
34880,1532.8492953117347
34881,1532.8492953117347
34882,1532.8492953117347
34883,1596.153947820322
34884,1596.153947820322
34885,1596.153947820322
34886,1596.153947820322
34887,1525.1820523744557
34888,1525.1820523744557
34889,1525.1820523744557
34890,1525.1820523744557
34891,899.9053121711426
34892,899.9053121711426
34893,899.9053121711426
34894,899.9053121711426
34895,1001.0841394420138
34896,1001.0841394420138
34897,1001.0841394420138
34898,1001.0841394420138
34899,1479.5830998759388
34900,1479.5830998759388
34901,1479.5830998759388
34902,1479.5830998759388
34903,1525.3317592298356
34904,1525.3317592298356
34905,1525.3317592298356
34906,1525.3317592298356
34907,1528.6729496721227
34908,1528.6729496721227
34909,1528.6729496721227
34910,1528.6729496721227
34911,1522.0528537361076
34912,1522.0528537361076
34913,1522.0528537361076
34914,1522.0528537361076
34915,1487.6092204054528
34916,1487.6092204054528
34917,1487.6092204054528
34918,1487.6092204054528
34919,949.1251320186068
34920,949.1251320186068
34921,949.1251320186068
34922,949.1251320186068
34923,1494.7210823583398
34924,1494.7210823583398
34925,1494.7210823583398
34926,1494.7210823583398
34927,1501.5822511166878
34928,1501.5822511166878
34929,1501.5822511166878
34930,1501.5822511166878
34931,1472.4032165419371
34932,1472.4032165419371
34933,1472.4032165419371
34934,1472.4032165419371
34935,601.4864062311773
34936,601.4864062311773
34937,601.4864062311773
34938,601.4864062311773
34939,459.1535454044055
34940,459.1535454044055
34941,459.1535454044055
34942,459.1535454044055
34943,455.4041573002458
34944,520.2788059108556
34945,520.2788059108556
34946,520.2788059108556
34947,510.9400751801944
34948,510.9400751801944
34949,510.9400751801944
34950,510.9400751801944
34951,489.3783853494928
34952,489.3783853494928
34953,489.3783853494928
34954,489.3783853494928
34955,489.41266372072135
34956,489.41266372072135
34957,489.41266372072135
34958,489.41266372072135
34959,481.97936771063735
34960,481.97936771063735
34961,481.97936771063735
34962,481.97936771063735
34963,482.0857159880902
34964,482.0857159880902
34965,482.0857159880902
34966,482.0857159880902
34967,478.99283562029706
34968,478.99283562029706
34969,478.99283562029706
34970,478.99283562029706
34971,505.1694888230205
34972,505.1694888230205
34973,505.1694888230205
34974,505.1694888230205
34975,5094.202720404629
34976,5094.202720404629
34977,5094.202720404629
34978,5094.202720404629
34979,7136.6353910850885
34980,7136.6353910850885
34981,7136.6353910850885
34982,7136.6353910850885
34983,1516.5419601537492
34984,1516.5419601537492
34985,1516.5419601537492
34986,1516.5419601537492
34987,1766.5602557556635
34988,1766.5602557556635
34989,1766.5602557556635
34990,1766.5602557556635
34991,1140.99019115168
34992,1140.99019115168
34993,1140.99019115168
34994,1140.99019115168
34995,1435.7982023157208
34996,1435.7982023157208
34997,1435.7982023157208
34998,1435.7982023157208
34999,1539.9043922538424
35000,1539.9043922538424
35001,1539.9043922538424
35002,1539.9043922538424
35003,1506.4952788866854
35004,1506.4952788866854
35005,1506.4952788866854
35006,1506.4952788866854
35007,1518.14608266158
35008,1518.14608266158
35009,1518.14608266158
35010,1518.14608266158
35011,1333.7954760555497
35012,1333.7954760555497
35013,1333.7954760555497
35014,1333.7954760555497
35015,1367.818636731549
35016,1367.818636731549
35017,1367.818636731549
35018,1367.818636731549
35019,1658.6495806323774
35020,1658.6495806323774
35021,1658.6495806323774
35022,1658.6495806323774
35023,1524.5264634485366
35024,1524.5264634485366
35025,1524.5264634485366
35026,1524.5264634485366
35027,1504.5484183571034
35028,1504.5484183571034
35029,1504.5484183571034
35030,1504.5484183571034
35031,604.5601333332253
35032,604.5601333332253
35033,604.5601333332253
35034,604.5601333332253
35035,484.2840290994392
35036,484.2840290994392
35037,484.2840290994392
35038,484.2840290994392
35039,520.2788059108556
